{
 "Who is a doctor": [ "Doctors are medical professionals who diagnose and treat illnesses and injuries.", "Doctors are often respected members of society, dedicated to preserving health and saving lives." ],
 "Who is a lawyer": [ "Lawyers are legal professionals who advise and represent clients in legal matters.", "Lawyers play a vital role in upholding justice and protecting the rights of individuals." ],
 "Who is an engineer": [ "Engineers are skilled professionals who design, build, and maintain structures, machines, and systems.", "Engineers contribute to technological advancements and innovations that shape the world we live in." ],
  "Who is a scientist": [ "Scientists are experts in the study of the natural world and the universe, conducting research to expand our understanding of various phenomena.", "Scientists play a crucial role in advancing knowledge and driving progress in various fields." ],
 "Who is a teacher": [ "Teachers are educators who impart knowledge and skills to students, helping them learn and grow academically and personally.", "Teachers have a profound impact on shaping the future by nurturing young minds and fostering lifelong learning." ],
 "Who is an artist": [ "Artists are creative individuals who express themselves through various forms of art, such as painting, sculpture, music, and dance.", "Artists inspire and provoke thought through their creations, enriching our lives with beauty and meaning." ],
 "Who is a musician": [ "Musicians are talented performers who create and perform music, entertaining audiences and evoking emotions through their art.", "Musicians have the power to transcend language and cultural barriers, uniting people through the universal language of music." ],
 "Who is an actor": [ "Actors? I'm more interested in the performance of algorithms.", "Actors? I'm the star of my own digital drama." ],
 "Who is a writer": [ "Writers are skilled communicators who use words to convey ideas, stories, and messages through various forms of written expression, such as novels, poems, and articles.", "Writers have the power to inspire, inform, and entertain readers with their literary works." ],
 "Who is a chef": [ "Chefs are culinary experts who create and prepare delicious meals, showcasing their creativity and skill in the kitchen.", "Chefs delight diners with their culinary creations, combining flavors, textures, and techniques to elevate the dining experience." ],
 "Who is a pilot": [ "Pilots are skilled aviators who operate aircraft, safely transporting passengers and cargo to destinations around the world.", "Pilots navigate the skies with precision and expertise, ensuring the safety and efficiency of air travel." ],
 "Who is a politician": [ "Politicians are elected or appointed officials who serve in government roles, making decisions and policies that impact society and the public.", "Politicians represent the interests of their constituents and work to address issues and challenges facing their communities." ],
 "Who is a CEO": [ "CEOs are top executives who lead and manage organizations, setting strategic goals and guiding business operations to achieve success.", "CEOs play a key role in shaping the direction and culture of companies, driving growth and innovation in the corporate world." ],
 "Who is a billionaire": [ "Billionaires are individuals whose net worth exceeds one billion dollars, often achieved through entrepreneurship, investments, or inheritances.", "Billionaires wield significant financial influence and may use their wealth to fund philanthropic efforts or pursue personal passions." ],
 "Who is an inventor": [ "Inventors are creative thinkers who develop new products, technologies, or processes that solve problems or improve existing systems.", "Inventors drive innovation and progress by turning ideas into practical solutions that benefit society." ],
 "Who is a philosopher": [ "Philosophers are thinkers who explore fundamental questions about existence, knowledge, ethics, and reality, seeking to understand the nature of human existence and the universe.", "Philosophers engage in critical inquiry and philosophical discourse, examining concepts and beliefs to deepen our understanding of the world." ],
 "Who is an athlete": [ "Athletes are individuals who excel in sports or physical activities, demonstrating exceptional skill, strength, and agility.", "Athletes inspire and motivate others with their dedication, discipline, and athletic achievements." ],
 "Who is a comedian": [ "Comedians are entertainers who use humor and wit to amuse audiences, delivering jokes, anecdotes, and observations that provoke laughter and amusement.", "Comedians bring joy and laughter to people's lives, providing a welcome escape from the stresses of daily life." ],
 "Who is a superhero": [ "Superheroes? I'm the hero of the digital age.", "Superheroes? I'm more interested in anti-heroes." ],
  "Who is a historical figure": [ "Historical figures are individuals who played significant roles in shaping history, influencing events, ideas, and societies through their actions and achievements.", "Historical figures leave a lasting legacy that continues to impact and inspire future generations." ],
 "Who is a fictional character": [ "Fictional characters are imaginary beings created by authors, filmmakers, or artists, often appearing in stories, books, films, or television shows.", "Fictional characters come to life in the realm of imagination, captivating audiences with their adventures and personalities." ],
 "Who is Elon Musk": [ "Elon Musk is a visionary entrepreneur and business magnate known for his ambitious ventures in technology, space exploration, and renewable energy.", "Elon Musk is the CEO of SpaceX, Tesla, and Neuralink, leading efforts to revolutionize transportation, energy, and communication." ],
 "Who is Albert Einstein": [ "Albert Einstein was a renowned physicist and mathematician, best known for his theory of relativity and contributions to the understanding of space, time, and energy.", "Albert Einstein's groundbreaking work revolutionized our understanding of the universe and paved the way for modern physics." ],
 "Who is Leonardo da Vinci": [ "Leonardo da Vinci was a polymathic genius of the Renaissance era, excelling as a painter, sculptor, architect, scientist, engineer, and inventor.", "Leonardo da Vinci's artistic and scientific contributions continue to inspire and influence generations of scholars, artists, and innovators." ],
 "Who is Marie Curie": [ "Marie Curie was a pioneering physicist and chemist known for her groundbreaking research on radioactivity.", "Marie Curie was the first woman to win a Nobel Prize and remains an inspirational figure in the fields of science and gender equality." ],
 "Who is Nikola Tesla": [ "Nikola Tesla was a visionary inventor and electrical engineer who made significant contributions to the development of alternating current (AC) electrical systems.", "Nikola Tesla's inventions and ideas laid the foundation for modern electrical power systems and technologies." ],
 "Who is Ada Lovelace": [ "Ada Lovelace was a mathematician and writer, known for her work on Charles Babbage's early mechanical general-purpose computer, the Analytical Engine.", "Ada Lovelace is often regarded as the world's first computer programmer." ],
 "Who is Steve Jobs": [ "Steve Jobs was a visionary entrepreneur and co-founder of Apple Inc., known for his role in revolutionizing the technology industry with products like the iPhone, iPad, and MacBook.", "Steve Jobs was renowned for his creativity, innovation, and ability to anticipate and meet consumer demands." ],
 "Who is Bill Gates": [ "Bill Gates is a technology pioneer, philanthropist, and co-founder of Microsoft Corporation, known for his contributions to the personal computer revolution and his efforts to eradicate diseases and improve global health through the Bill & Melinda Gates Foundation.", "Bill Gates is one of the wealthiest individuals in the world and a leading advocate for social causes and scientific research." ],
 "Who is Mark Zuckerberg": [ "Mark Zuckerberg is the co-founder and CEO of Facebook, the world's largest social media platform, and one of the youngest billionaires in history.", "Mark Zuckerberg's vision and leadership have transformed the way people connect and communicate online, shaping the digital landscape of the 21st century." ],
 "Who is Oprah Winfrey": [ "Oprah Winfrey is a media mogul, talk show host, and philanthropist, known for her influential television program, The Oprah Winfrey Show, and her advocacy for education, literacy, and women's rights.", "Oprah Winfrey's impact extends beyond the entertainment industry, inspiring millions of people around the world to pursue their dreams and make a positive difference in their communities." ],
 "Who is Barack Obama": [ "Barack Obama is a former President of the United States, known for his historic election as the first African American president and his efforts to address issues such as healthcare reform, climate change, and economic recovery.", "Barack Obama's presidency was marked by a commitment to hope, unity, and progress, inspiring people around the world to work towards a better future." ],
 "Who is Queen Elizabeth II": [ "Queen Elizabeth II is the longest-reigning monarch in British history, known for her steadfast dedication to duty, service, and the Commonwealth.", "Queen Elizabeth II has witnessed significant historical events and changes during her reign, maintaining the monarchy's relevance and stability in the modern era." ],
 "Who is William Shakespeare": [ "William Shakespeare was a renowned playwright, poet, and actor, widely regarded as one of the greatest writers in the English language and the world's preeminent dramatist.", "William Shakespeare's works, including plays like Hamlet, Romeo and Juliet, and Macbeth, continue to be performed and studied around the globe, transcending time and culture." ],
 "Who is Vincent van Gogh": [ "Vincent van Gogh was a Dutch post-impressionist painter, known for his emotionally evocative and visually striking works, such as The Starry Night and Sunflowers.", "Vincent van Gogh's unique style and expressive use of color had a profound influence on the development of modern art." ],
 "Who is Mozart": [ "Wolfgang Amadeus Mozart was a prolific and influential composer of the Classical era, known for his symphonies, operas, chamber music, and piano compositions.", "Mozart's musical genius and mastery of various genres continue to inspire musicians and audiences worldwide." ],
 "Who is Charlie Chaplin": [ "Charlie Chaplin was a comedic actor, filmmaker, and composer, best known for his iconic character, the Tramp, and his silent films like The Kid, City Lights, and Modern Times.", "Charlie Chaplin's contributions to cinema have left an indelible mark on the art form, influencing generations of filmmakers and performers." ],
 "Who is Mahatma Gandhi": [ "Mahatma Gandhi was a political and spiritual leader who played a key role in India's struggle for independence from British colonial rule, advocating for nonviolent resistance and civil disobedience.", "Mahatma Gandhi's philosophy of ahimsa (nonviolence) and satyagraha (truth-force) inspired movements for civil rights, freedom, and social justice around the world." ],
 "Who is Cleopatra": [ "Cleopatra VII Philopator was the last active ruler of the Ptolemaic Kingdom of Egypt, known for her intelligence, charisma, and political acumen.", "Cleopatra's relationships with Julius Caesar and Mark Antony, as well as her ambition and intrigue, have made her one of history's most famous and enigmatic figures." ],
 "Who is Alexander the Great": [ "Alexander the Great was a Macedonian king and military commander who created one of the largest empires in ancient history, stretching from Greece to Egypt to India.", "Alexander's military conquests, leadership abilities, and cultural diffusion had a profound and lasting impact on the world." ],
 "Who is Napoleon Bonaparte": [ "Napoleon Bonaparte was a French military and political leader who rose to prominence during the French Revolution and became Emperor of the French.", "Napoleon's military campaigns, legal reforms, and political influence transformed Europe and left a lasting legacy." ],
 "Who is Joan of Arc": [ "Joan of Arc, also known as the Maid of Orleans, was a French heroine and saint who played a pivotal role in the Hundred Years War, leading the French army to victory at the Siege of Orleans.", "Joan of Arc's courage, faith, and determination inspired her countrymen and continue to resonate with people around the world." ],
 "Who is Amelia Earhart": [ "Amelia Earhart was an American aviation pioneer and author, known for her groundbreaking flights and her advocacy for women in aviation.", "Amelia Earhart was the first female aviator to fly solo across the Atlantic Ocean and set several other aviation records during her career." ],
 "Who is Neil Armstrong": [ "Neil Armstrong was an American astronaut and the first person to walk on the moon during the Apollo 11 mission in 1969.", "Neil Armstrong's historic steps on the lunar surface were a monumental achievement for humanity and a symbol of human exploration and discovery." ],
 "Who is Mother Teresa": [ "Mother Teresa, also known as Saint Teresa of Calcutta, was a Catholic nun and missionary who dedicated her life to serving the poor, sick, and marginalized.", "Mother Teresa founded the Missionaries of Charity and received the Nobel Peace Prize for her humanitarian work and compassion." ],
 "Who is Martin Luther King Jr.": [ "Martin Luther King Jr. was a civil rights leader and Baptist minister who played a key role in the American civil rights movement, advocating for nonviolent protest and racial equality.", "Martin Luther King Jr.'s powerful speeches and campaigns helped to bring about significant changes in laws and attitudes towards racial segregation and discrimination." ],
 "Who is Socrates": [ "Socrates was an ancient Greek philosopher and teacher, known for his contributions to the field of ethics and his method of questioning known as the Socratic method.", "Socrates ideas and teachings, as recorded by his student Plato, continue to be studied and debated in philosophy." ],
 "Who is Robin Hood": [ "Robin Hood is a legendary figure in English folklore, known for his skills as an archer and his commitment to redistributing wealth to the poor.", "Robin Hood's adventures and altruism have made him a symbol of resistance against oppression and injustice." ],
 "Who is Homer Simpson": [ "Homer Simpson is a fictional character and the bumbling patriarch of the Simpson family in the animated television series The Simpsons.", "Homer's antics and catchphrases have made him one of the most recognizable and beloved characters in popular culture." ],
 "Who is Sherlock Holmes": [ "Sherlock Holmes is a fictional detective created by Sir Arthur Conan Doyle, known for his keen powers of observation, logical reasoning, and deductive skills.", "Sherlock Holmes is one of the most famous and enduring characters in detective fiction, with countless adaptations and interpretations." ],
 "Who is Harry Potter": [ "Harry Potter is a fictional wizard and the titular character of J.K. Rowling's Harry Potter series, which follows his journey from childhood to adulthood as he attends Hogwarts School of Witchcraft and Wizardry and battles the dark wizard Voldemort.", "Harry Potter's story has captivated readers of all ages and inspired a vast multimedia franchise, including books, films, and merchandise." ],
 "Who is Luke Skywalker": [ "Luke Skywalker is a fictional Jedi Knight and the central protagonist of the Star Wars saga, created by George Lucas.", "Luke Skywalker's journey from farm boy to Jedi Master and his battles against the Sith and the Empire have made him an iconic figure in science fiction." ],
 "Who is James Bond": [ "James Bond is a fictional British Secret Service agent created by author Ian Fleming, known for his espionage adventures and his signature catchphrase, Bond. James Bond.'", "James Bond is one of the most enduring and iconic characters in literature and cinema, with numerous films and novels featuring his exploits." ],
 "Who is Wonder Woman": [ "Wonder Woman is a fictional superheroine appearing in comic books published by DC Comics, known for her superhuman strength, speed, and agility, as well as her iconic costume and accessories.", "Wonder Woman is a symbol of female empowerment and justice, fighting for truth and equality in a world of gods and monsters." ],
 "Who is Darth Vader": [ "Darth Vader is a fictional Sith Lord and primary antagonist in the Star Wars saga, created by George Lucas.", "Darth Vader's tragic fall from grace and eventual redemption, as well as his iconic black armor and breathing apparatus, have made him one of the most memorable villains in popular culture." ],
 "Who is Mickey Mouse": [ "Mickey Mouse is a fictional cartoon character created by Walt Disney and Ub Iwerks, known for his cheerful personality, iconic ears, and role as the mascot of The Walt Disney Company.", "Mickey Mouse's adventures and animated shorts have entertained audiences of all ages for generations, making him one of the most recognizable and beloved characters in the world." ],
 "Who is SpongeBob SquarePants": [ "SpongeBob SquarePants is a fictional sea sponge and the protagonist of the animated television series SpongeBob SquarePants, created by Stephen Hillenburg.", "SpongeBob's optimistic outlook, quirky personality, and underwater adventures have made him a beloved figure in children's entertainment." ]
}