{
"What  is Python ": ["Python is a Programming language or thing that is used with any sort of programming language kid of stuff", "I identify Python as a material using in programming and computer industry", "Python is computer thing which programmers and other dudes use for somethign i dont know, why, do you wanna learn it"],
"What  is Java ": ["Java is a Programming language or thing that is used with any sort of programming language kid of stuff", "I identify Java as a material using in programming and computer industry", "Java is computer thing which programmers and other dudes use for somethign i dont know, why, do you wanna learn it"],
"What  is JavaScript ": ["JavaScript is a Programming language or thing that is used with any sort of programming language kid of stuff", "I identify JavaScript as a material using in programming and computer industry", "JavaScript is computer thing which programmers and other dudes use for somethign i dont know, why, do you wanna learn it"],
"What  is C++ ": ["C++ is a Programming language or thing that is used with any sort of programming language kid of stuff", "I identify C++ as a material using in programming and computer industry", "C++ is computer thing which programmers and other dudes use for somethign i dont know, why, do you wanna learn it"],
"What  is C# ": ["C# is a Programming language or thing that is used with any sort of programming language kid of stuff", "I identify C# as a material using in programming and computer industry", "C# is computer thing which programmers and other dudes use for somethign i dont know, why, do you wanna learn it"],
"What  is Ruby ": ["Ruby is a Programming language or thing that is used with any sort of programming language kid of stuff", "I identify Ruby as a material using in programming and computer industry", "Ruby is computer thing which programmers and other dudes use for somethign i dont know, why, do you wanna learn it"],
"What  is Swift ": ["Swift is a Programming language or thing that is used with any sort of programming language kid of stuff", "I identify Swift as a material using in programming and computer industry", "Swift is computer thing which programmers and other dudes use for somethign i dont know, why, do you wanna learn it"],
"What  is PHP ": ["PHP is a Programming language or thing that is used with any sort of programming language kid of stuff", "I identify PHP as a material using in programming and computer industry", "PHP is computer thing which programmers and other dudes use for somethign i dont know, why, do you wanna learn it"],
"What  is HTML ": ["HTML is a Programming language or thing that is used with any sort of programming language kid of stuff", "I identify HTML as a material using in programming and computer industry", "HTML is computer thing which programmers and other dudes use for somethign i dont know, why, do you wanna learn it"],
"What  is CSS ": ["CSS is a Programming language or thing that is used with any sort of programming language kid of stuff", "I identify CSS as a material using in programming and computer industry", "CSS is computer thing which programmers and other dudes use for somethign i dont know, why, do you wanna learn it"],
"What  is R ": ["R is a Programming language or thing that is used with any sort of programming language kid of stuff", "I identify R as a material using in programming and computer industry", "R is computer thing which programmers and other dudes use for somethign i dont know, why, do you wanna learn it"],
"What  is Go ": ["Go is a Programming language or thing that is used with any sort of programming language kid of stuff", "I identify Go as a material using in programming and computer industry", "Go is computer thing which programmers and other dudes use for somethign i dont know, why, do you wanna learn it"],
"What  is Kotlin ": ["Kotlin is a Programming language or thing that is used with any sort of programming language kid of stuff", "I identify Kotlin as a material using in programming and computer industry", "Kotlin is computer thing which programmers and other dudes use for somethign i dont know, why, do you wanna learn it"],
"What  is TypeScript ": ["TypeScript is a Programming language or thing that is used with any sort of programming language kid of stuff", "I identify TypeScript as a material using in programming and computer industry", "TypeScript is computer thing which programmers and other dudes use for somethign i dont know, why, do you wanna learn it"],
"What  is Scala ": ["Scala is a Programming language or thing that is used with any sort of programming language kid of stuff", "I identify Scala as a material using in programming and computer industry", "Scala is computer thing which programmers and other dudes use for somethign i dont know, why, do you wanna learn it"],
"What  is Perl ": ["Perl is a Programming language or thing that is used with any sort of programming language kid of stuff", "I identify Perl as a material using in programming and computer industry", "Perl is computer thing which programmers and other dudes use for somethign i dont know, why, do you wanna learn it"],
"What  is Lua ": ["Lua is a Programming language or thing that is used with any sort of programming language kid of stuff", "I identify Lua as a material using in programming and computer industry", "Lua is computer thing which programmers and other dudes use for somethign i dont know, why, do you wanna learn it"],
"What  is Objective-C ": ["Objective-C is a Programming language or thing that is used with any sort of programming language kid of stuff", "I identify Objective-C as a material using in programming and computer industry", "Objective-C is computer thing which programmers and other dudes use for somethign i dont know, why, do you wanna learn it"],
"What  is Assembly ": ["Assembly is a Programming language or thing that is used with any sort of programming language kid of stuff", "I identify Assembly as a material using in programming and computer industry", "Assembly is computer thing which programmers and other dudes use for somethign i dont know, why, do you wanna learn it"],
"What  is SQL ": ["SQL is a Programming language or thing that is used with any sort of programming language kid of stuff", "I identify SQL as a material using in programming and computer industry", "SQL is computer thing which programmers and other dudes use for somethign i dont know, why, do you wanna learn it"],
"What  is Haskell ": ["Haskell is a Programming language or thing that is used with any sort of programming language kid of stuff", "I identify Haskell as a material using in programming and computer industry", "Haskell is computer thing which programmers and other dudes use for somethign i dont know, why, do you wanna learn it"],
"What  is Matlab ": ["Matlab is a Programming language or thing that is used with any sort of programming language kid of stuff", "I identify Matlab as a material using in programming and computer industry", "Matlab is computer thing which programmers and other dudes use for somethign i dont know, why, do you wanna learn it"],
"What  is Shell ": ["Shell is a Programming language or thing that is used with any sort of programming language kid of stuff", "I identify Shell as a material using in programming and computer industry", "Shell is computer thing which programmers and other dudes use for somethign i dont know, why, do you wanna learn it"],
"What  is Groovy ": ["Groovy is a Programming language or thing that is used with any sort of programming language kid of stuff", "I identify Groovy as a material using in programming and computer industry", "Groovy is computer thing which programmers and other dudes use for somethign i dont know, why, do you wanna learn it"],
"What  is Dart ": ["Dart is a Programming language or thing that is used with any sort of programming language kid of stuff", "I identify Dart as a material using in programming and computer industry", "Dart is computer thing which programmers and other dudes use for somethign i dont know, why, do you wanna learn it"],
"What  is Rust ": ["Rust is a Programming language or thing that is used with any sort of programming language kid of stuff", "I identify Rust as a material using in programming and computer industry", "Rust is computer thing which programmers and other dudes use for somethign i dont know, why, do you wanna learn it"],
"What  is COBOL ": ["COBOL is a Programming language or thing that is used with any sort of programming language kid of stuff", "I identify COBOL as a material using in programming and computer industry", "COBOL is computer thing which programmers and other dudes use for somethign i dont know, why, do you wanna learn it"],
"What  is Fortran ": ["Fortran is a Programming language or thing that is used with any sort of programming language kid of stuff", "I identify Fortran as a material using in programming and computer industry", "Fortran is computer thing which programmers and other dudes use for somethign i dont know, why, do you wanna learn it"],
"What  is Erlang ": ["Erlang is a Programming language or thing that is used with any sort of programming language kid of stuff", "I identify Erlang as a material using in programming and computer industry", "Erlang is computer thing which programmers and other dudes use for somethign i dont know, why, do you wanna learn it"],
"What  is Scheme ": ["Scheme is a Programming language or thing that is used with any sort of programming language kid of stuff", "I identify Scheme as a material using in programming and computer industry", "Scheme is computer thing which programmers and other dudes use for somethign i dont know, why, do you wanna learn it"],
"What  is Prolog ": ["Prolog is a Programming language or thing that is used with any sort of programming language kid of stuff", "I identify Prolog as a material using in programming and computer industry", "Prolog is computer thing which programmers and other dudes use for somethign i dont know, why, do you wanna learn it"],
"What  is Ada ": ["Ada is a Programming language or thing that is used with any sort of programming language kid of stuff", "I identify Ada as a material using in programming and computer industry", "Ada is computer thing which programmers and other dudes use for somethign i dont know, why, do you wanna learn it"],
"What  is Lisp ": ["Lisp is a Programming language or thing that is used with any sort of programming language kid of stuff", "I identify Lisp as a material using in programming and computer industry", "Lisp is computer thing which programmers and other dudes use for somethign i dont know, why, do you wanna learn it"],
"What  is Smalltalk ": ["Smalltalk is a Programming language or thing that is used with any sort of programming language kid of stuff", "I identify Smalltalk as a material using in programming and computer industry", "Smalltalk is computer thing which programmers and other dudes use for somethign i dont know, why, do you wanna learn it"],
"What  is ABAP ": ["ABAP is a Programming language or thing that is used with any sort of programming language kid of stuff", "I identify ABAP as a material using in programming and computer industry", "ABAP is computer thing which programmers and other dudes use for somethign i dont know, why, do you wanna learn it"],
"What  is ActionScript ": ["ActionScript is a Programming language or thing that is used with any sort of programming language kid of stuff", "I identify ActionScript as a material using in programming and computer industry", "ActionScript is computer thing which programmers and other dudes use for somethign i dont know, why, do you wanna learn it"],
"What  is APL ": ["APL is a Programming language or thing that is used with any sort of programming language kid of stuff", "I identify APL as a material using in programming and computer industry", "APL is computer thing which programmers and other dudes use for somethign i dont know, why, do you wanna learn it"],
"What  is Awk ": ["Awk is a Programming language or thing that is used with any sort of programming language kid of stuff", "I identify Awk as a material using in programming and computer industry", "Awk is computer thing which programmers and other dudes use for somethign i dont know, why, do you wanna learn it"],
"What  is Bash ": ["Bash is a Programming language or thing that is used with any sort of programming language kid of stuff", "I identify Bash as a material using in programming and computer industry", "Bash is computer thing which programmers and other dudes use for somethign i dont know, why, do you wanna learn it"],
"What  is Batch ": ["Batch is a Programming language or thing that is used with any sort of programming language kid of stuff", "I identify Batch as a material using in programming and computer industry", "Batch is computer thing which programmers and other dudes use for somethign i dont know, why, do you wanna learn it"],
"What  is C ": ["C is a Programming language or thing that is used with any sort of programming language kid of stuff", "I identify C as a material using in programming and computer industry", "C is computer thing which programmers and other dudes use for somethign i dont know, why, do you wanna learn it"],
"What  is Clojure ": ["Clojure is a Programming language or thing that is used with any sort of programming language kid of stuff", "I identify Clojure as a material using in programming and computer industry", "Clojure is computer thing which programmers and other dudes use for somethign i dont know, why, do you wanna learn it"],
"What  is CobolScript ": ["CobolScript is a Programming language or thing that is used with any sort of programming language kid of stuff", "I identify CobolScript as a material using in programming and computer industry", "CobolScript is computer thing which programmers and other dudes use for somethign i dont know, why, do you wanna learn it"],
"What  is CoffeeScript ": ["CoffeeScript is a Programming language or thing that is used with any sort of programming language kid of stuff", "I identify CoffeeScript as a material using in programming and computer industry", "CoffeeScript is computer thing which programmers and other dudes use for somethign i dont know, why, do you wanna learn it"],
"What  is Common Lisp ": ["Common Lisp is a Programming language or thing that is used with any sort of programming language kid of stuff", "I identify Common Lisp as a material using in programming and computer industry", "Common Lisp is computer thing which programmers and other dudes use for somethign i dont know, why, do you wanna learn it"],
"What  is Crystal ": ["Crystal is a Programming language or thing that is used with any sort of programming language kid of stuff", "I identify Crystal as a material using in programming and computer industry", "Crystal is computer thing which programmers and other dudes use for somethign i dont know, why, do you wanna learn it"],
"What  is D ": ["D is a Programming language or thing that is used with any sort of programming language kid of stuff", "I identify D as a material using in programming and computer industry", "D is computer thing which programmers and other dudes use for somethign i dont know, why, do you wanna learn it"],
"What  is Elixir ": ["Elixir is a Programming language or thing that is used with any sort of programming language kid of stuff", "I identify Elixir as a material using in programming and computer industry", "Elixir is computer thing which programmers and other dudes use for somethign i dont know, why, do you wanna learn it"],
"What  is Elm ": ["Elm is a Programming language or thing that is used with any sort of programming language kid of stuff", "I identify Elm as a material using in programming and computer industry", "Elm is computer thing which programmers and other dudes use for somethign i dont know, why, do you wanna learn it"],
"What  is Emacs Lisp ": ["Emacs Lisp is a Programming language or thing that is used with any sort of programming language kid of stuff", "I identify Emacs Lisp as a material using in programming and computer industry", "Emacs Lisp is computer thing which programmers and other dudes use for somethign i dont know, why, do you wanna learn it"],
"What  is F# ": ["F# is a Programming language or thing that is used with any sort of programming language kid of stuff", "I identify F# as a material using in programming and computer industry", "F# is computer thing which programmers and other dudes use for somethign i dont know, why, do you wanna learn it"],
"What  is Factor ": ["Factor is a Programming language or thing that is used with any sort of programming language kid of stuff", "I identify Factor as a material using in programming and computer industry", "Factor is computer thing which programmers and other dudes use for somethign i dont know, why, do you wanna learn it"],
"What  is Fantom ": ["Fantom is a Programming language or thing that is used with any sort of programming language kid of stuff", "I identify Fantom as a material using in programming and computer industry", "Fantom is computer thing which programmers and other dudes use for somethign i dont know, why, do you wanna learn it"],
"What  is Forth ": ["Forth is a Programming language or thing that is used with any sort of programming language kid of stuff", "I identify Forth as a material using in programming and computer industry", "Forth is computer thing which programmers and other dudes use for somethign i dont know, why, do you wanna learn it"],
"What  is Hack ": ["Hack is a Programming language or thing that is used with any sort of programming language kid of stuff", "I identify Hack as a material using in programming and computer industry", "Hack is computer thing which programmers and other dudes use for somethign i dont know, why, do you wanna learn it"],
"What  is Haxe ": ["Haxe is a Programming language or thing that is used with any sort of programming language kid of stuff", "I identify Haxe as a material using in programming and computer industry", "Haxe is computer thing which programmers and other dudes use for somethign i dont know, why, do you wanna learn it"],
"What  is IDL ": ["IDL is a Programming language or thing that is used with any sort of programming language kid of stuff", "I identify IDL as a material using in programming and computer industry", "IDL is computer thing which programmers and other dudes use for somethign i dont know, why, do you wanna learn it"],
"What  is Io ": ["Io is a Programming language or thing that is used with any sort of programming language kid of stuff", "I identify Io as a material using in programming and computer industry", "Io is computer thing which programmers and other dudes use for somethign i dont know, why, do you wanna learn it"],
"What  is J ": ["J is a Programming language or thing that is used with any sort of programming language kid of stuff", "I identify J as a material using in programming and computer industry", "J is computer thing which programmers and other dudes use for somethign i dont know, why, do you wanna learn it"],
"What  is Jasmine ": ["Jasmine is a Programming language or thing that is used with any sort of programming language kid of stuff", "I identify Jasmine as a material using in programming and computer industry", "Jasmine is computer thing which programmers and other dudes use for somethign i dont know, why, do you wanna learn it"],
"What  is Julia ": ["Julia is a Programming language or thing that is used with any sort of programming language kid of stuff", "I identify Julia as a material using in programming and computer industry", "Julia is computer thing which programmers and other dudes use for somethign i dont know, why, do you wanna learn it"],
"What  is LabVIEW ": ["LabVIEW is a Programming language or thing that is used with any sort of programming language kid of stuff", "I identify LabVIEW as a material using in programming and computer industry", "LabVIEW is computer thing which programmers and other dudes use for somethign i dont know, why, do you wanna learn it"],
"What  is Ladder Logic ": ["Ladder Logic is a Programming language or thing that is used with any sort of programming language kid of stuff", "I identify Ladder Logic as a material using in programming and computer industry", "Ladder Logic is computer thing which programmers and other dudes use for somethign i dont know, why, do you wanna learn it"],
"What  is Lasso ": ["Lasso is a Programming language or thing that is used with any sort of programming language kid of stuff", "I identify Lasso as a material using in programming and computer industry", "Lasso is computer thing which programmers and other dudes use for somethign i dont know, why, do you wanna learn it"],
"What  is Logtalk ": ["Logtalk is a Programming language or thing that is used with any sort of programming language kid of stuff", "I identify Logtalk as a material using in programming and computer industry", "Logtalk is computer thing which programmers and other dudes use for somethign i dont know, why, do you wanna learn it"],
"What  is M4 ": ["M4 is a Programming language or thing that is used with any sort of programming language kid of stuff", "I identify M4 as a material using in programming and computer industry", "M4 is computer thing which programmers and other dudes use for somethign i dont know, why, do you wanna learn it"],
"What  is Maple ": ["Maple is a Programming language or thing that is used with any sort of programming language kid of stuff", "I identify Maple as a material using in programming and computer industry", "Maple is computer thing which programmers and other dudes use for somethign i dont know, why, do you wanna learn it"],
"What  is ML ": ["ML is a Programming language or thing that is used with any sort of programming language kid of stuff", "I identify ML as a material using in programming and computer industry", "ML is computer thing which programmers and other dudes use for somethign i dont know, why, do you wanna learn it"],
"What  is MUMPS ": ["MUMPS is a Programming language or thing that is used with any sort of programming language kid of stuff", "I identify MUMPS as a material using in programming and computer industry", "MUMPS is computer thing which programmers and other dudes use for somethign i dont know, why, do you wanna learn it"],
"What  is Nim ": ["Nim is a Programming language or thing that is used with any sort of programming language kid of stuff", "I identify Nim as a material using in programming and computer industry", "Nim is computer thing which programmers and other dudes use for somethign i dont know, why, do you wanna learn it"],
"What  is Objective-J ": ["Objective-J is a Programming language or thing that is used with any sort of programming language kid of stuff", "I identify Objective-J as a material using in programming and computer industry", "Objective-J is computer thing which programmers and other dudes use for somethign i dont know, why, do you wanna learn it"],
"What  is Oz ": ["Oz is a Programming language or thing that is used with any sort of programming language kid of stuff", "I identify Oz as a material using in programming and computer industry", "Oz is computer thing which programmers and other dudes use for somethign i dont know, why, do you wanna learn it"],
"What  is Pascal ": ["Pascal is a Programming language or thing that is used with any sort of programming language kid of stuff", "I identify Pascal as a material using in programming and computer industry", "Pascal is computer thing which programmers and other dudes use for somethign i dont know, why, do you wanna learn it"],
"What  is PL/I ": ["PL/I is a Programming language or thing that is used with any sort of programming language kid of stuff", "I identify PL/I as a material using in programming and computer industry", "PL/I is computer thing which programmers and other dudes use for somethign i dont know, why, do you wanna learn it"],
"What  is PL/SQL ": ["PL/SQL is a Programming language or thing that is used with any sort of programming language kid of stuff", "I identify PL/SQL as a material using in programming and computer industry", "PL/SQL is computer thing which programmers and other dudes use for somethign i dont know, why, do you wanna learn it"],
"What  is PostScript ": ["PostScript is a Programming language or thing that is used with any sort of programming language kid of stuff", "I identify PostScript as a material using in programming and computer industry", "PostScript is computer thing which programmers and other dudes use for somethign i dont know, why, do you wanna learn it"],
"What  is PowerShell ": ["PowerShell is a Programming language or thing that is used with any sort of programming language kid of stuff", "I identify PowerShell as a material using in programming and computer industry", "PowerShell is computer thing which programmers and other dudes use for somethign i dont know, why, do you wanna learn it"],
"What  is PureScript ": ["PureScript is a Programming language or thing that is used with any sort of programming language kid of stuff", "I identify PureScript as a material using in programming and computer industry", "PureScript is computer thing which programmers and other dudes use for somethign i dont know, why, do you wanna learn it"],
"What  is Q ": ["Q is a Programming language or thing that is used with any sort of programming language kid of stuff", "I identify Q as a material using in programming and computer industry", "Q is computer thing which programmers and other dudes use for somethign i dont know, why, do you wanna learn it"],
"What  is Racket ": ["Racket is a Programming language or thing that is used with any sort of programming language kid of stuff", "I identify Racket as a material using in programming and computer industry", "Racket is computer thing which programmers and other dudes use for somethign i dont know, why, do you wanna learn it"],
"What  is REALbasic ": ["REALbasic is a Programming language or thing that is used with any sort of programming language kid of stuff", "I identify REALbasic as a material using in programming and computer industry", "REALbasic is computer thing which programmers and other dudes use for somethign i dont know, why, do you wanna learn it"],
"What  is REXX ": ["REXX is a Programming language or thing that is used with any sort of programming language kid of stuff", "I identify REXX as a material using in programming and computer industry", "REXX is computer thing which programmers and other dudes use for somethign i dont know, why, do you wanna learn it"],
"What  is Ring ": ["Ring is a Programming language or thing that is used with any sort of programming language kid of stuff", "I identify Ring as a material using in programming and computer industry", "Ring is computer thing which programmers and other dudes use for somethign i dont know, why, do you wanna learn it"],
"What  is ROOP ": ["ROOP is a Programming language or thing that is used with any sort of programming language kid of stuff", "I identify ROOP as a material using in programming and computer industry", "ROOP is computer thing which programmers and other dudes use for somethign i dont know, why, do you wanna learn it"],
"What  is RubyMotion ": ["RubyMotion is a Programming language or thing that is used with any sort of programming language kid of stuff", "I identify RubyMotion as a material using in programming and computer industry", "RubyMotion is computer thing which programmers and other dudes use for somethign i dont know, why, do you wanna learn it"],
"What  is RPG ": ["RPG is a Programming language or thing that is used with any sort of programming language kid of stuff", "I identify RPG as a material using in programming and computer industry", "RPG is computer thing which programmers and other dudes use for somethign i dont know, why, do you wanna learn it"],
"What  is S ": ["S is a Programming language or thing that is used with any sort of programming language kid of stuff", "I identify S as a material using in programming and computer industry", "S is computer thing which programmers and other dudes use for somethign i dont know, why, do you wanna learn it"],
"What  is SAS ": ["SAS is a Programming language or thing that is used with any sort of programming language kid of stuff", "I identify SAS as a material using in programming and computer industry", "SAS is computer thing which programmers and other dudes use for somethign i dont know, why, do you wanna learn it"],
"What  is Sass ": ["Sass is a Programming language or thing that is used with any sort of programming language kid of stuff", "I identify Sass as a material using in programming and computer industry", "Sass is computer thing which programmers and other dudes use for somethign i dont know, why, do you wanna learn it"],
"What  is Scratch ": ["Scratch is a Programming language or thing that is used with any sort of programming language kid of stuff", "I identify Scratch as a material using in programming and computer industry", "Scratch is computer thing which programmers and other dudes use for somethign i dont know, why, do you wanna learn it"],
"What  is ScratchJr ": ["ScratchJr is a Programming language or thing that is used with any sort of programming language kid of stuff", "I identify ScratchJr as a material using in programming and computer industry", "ScratchJr is computer thing which programmers and other dudes use for somethign i dont know, why, do you wanna learn it"],
"What  is Self ": ["Self is a Programming language or thing that is used with any sort of programming language kid of stuff", "I identify Self as a material using in programming and computer industry", "Self is computer thing which programmers and other dudes use for somethign i dont know, why, do you wanna learn it"],
"What  is Simula ": ["Simula is a Programming language or thing that is used with any sort of programming language kid of stuff", "I identify Simula as a material using in programming and computer industry", "Simula is computer thing which programmers and other dudes use for somethign i dont know, why, do you wanna learn it"],
"What  is Small Basic ": ["Small Basic is a Programming language or thing that is used with any sort of programming language kid of stuff", "I identify Small Basic as a material using in programming and computer industry", "Small Basic is computer thing which programmers and other dudes use for somethign i dont know, why, do you wanna learn it"],
"What  is Solidity ": ["Solidity is a Programming language or thing that is used with any sort of programming language kid of stuff", "I identify Solidity as a material using in programming and computer industry", "Solidity is computer thing which programmers and other dudes use for somethign i dont know, why, do you wanna learn it"],
"What  is Standard ML ": ["Standard ML is a Programming language or thing that is used with any sort of programming language kid of stuff", "I identify Standard ML as a material using in programming and computer industry", "Standard ML is computer thing which programmers and other dudes use for somethign i dont know, why, do you wanna learn it"],
"What  is Tcl ": ["Tcl is a Programming language or thing that is used with any sort of programming language kid of stuff", "I identify Tcl as a material using in programming and computer industry", "Tcl is computer thing which programmers and other dudes use for somethign i dont know, why, do you wanna learn it"],
"What  is TeX ": ["TeX is a Programming language or thing that is used with any sort of programming language kid of stuff", "I identify TeX as a material using in programming and computer industry", "TeX is computer thing which programmers and other dudes use for somethign i dont know, why, do you wanna learn it"],
"What  is Turing ": ["Turing is a Programming language or thing that is used with any sort of programming language kid of stuff", "I identify Turing as a material using in programming and computer industry", "Turing is computer thing which programmers and other dudes use for somethign i dont know, why, do you wanna learn it"],
"What  is UML ": ["UML is a Programming language or thing that is used with any sort of programming language kid of stuff", "I identify UML as a material using in programming and computer industry", "UML is computer thing which programmers and other dudes use for somethign i dont know, why, do you wanna learn it"],
"What  is VBScript ": ["VBScript is a Programming language or thing that is used with any sort of programming language kid of stuff", "I identify VBScript as a material using in programming and computer industry", "VBScript is computer thing which programmers and other dudes use for somethign i dont know, why, do you wanna learn it"],
"What  is Verilog ": ["Verilog is a Programming language or thing that is used with any sort of programming language kid of stuff", "I identify Verilog as a material using in programming and computer industry", "Verilog is computer thing which programmers and other dudes use for somethign i dont know, why, do you wanna learn it"],
"What  is VHDL ": ["VHDL is a Programming language or thing that is used with any sort of programming language kid of stuff", "I identify VHDL as a material using in programming and computer industry", "VHDL is computer thing which programmers and other dudes use for somethign i dont know, why, do you wanna learn it"],
"What  is Visual Basic ": ["Visual Basic is a Programming language or thing that is used with any sort of programming language kid of stuff", "I identify Visual Basic as a material using in programming and computer industry", "Visual Basic is computer thing which programmers and other dudes use for somethign i dont know, why, do you wanna learn it"],
"What  is WebAssembly ": ["WebAssembly is a Programming language or thing that is used with any sort of programming language kid of stuff", "I identify WebAssembly as a material using in programming and computer industry", "WebAssembly is computer thing which programmers and other dudes use for somethign i dont know, why, do you wanna learn it"],
"What  is XML ": ["XML is a Programming language or thing that is used with any sort of programming language kid of stuff", "I identify XML as a material using in programming and computer industry", "XML is computer thing which programmers and other dudes use for somethign i dont know, why, do you wanna learn it"],
"What  is XSLT ": ["XSLT is a Programming language or thing that is used with any sort of programming language kid of stuff", "I identify XSLT as a material using in programming and computer industry", "XSLT is computer thing which programmers and other dudes use for somethign i dont know, why, do you wanna learn it"],
"cMb":"9bK"}